index,nombre,provincia,distrito,direccion,direccion_ubicacion,latitud,longitud
30,veronesi sociedad anonima cerrada,huaura,huacho,avenida tupac amaru 516 distrito huacho provincia huaura departamento lima,"Avenida Tupac Amaru 516 Distrito Huacho Provincia Huaura Departamento Lima, Huacho, Huaura, Perú",-11.1075134,-77.597561
275,hospital maria auxiliadora,lima,sjm,calle miguel iglesias n968,"Calle Miguel Iglesias N968, San Juan De Miraflores, Lima, Perú",-12.160955,-76.9591429
280,centro de cirugia plastica s.a.c.,lima,san isidro,calle 32 n 366 oficina 101 y 202,"Calle 32 N 366 Oficina 101 Y 202, San Isidro, Lima, Perú",-12.1076006,-77.01128059999999
392,centro de investigacion y atencion cardiovascular sociedad anonima cerrada,lima,san isidro,"avenida av. salaverry n 2665  2669, urb. contry club av. salaverry n 2665  2669, urb. contry club san isidro lima lima","Avenida Avenida Salaverry N 2665 2669, Urb Contry Club Avenida Salaverry N 2665 2669, Urb Contry Club San Isidro Lima Lima, San Isidro, Lima, Perú",-12.0942897,-77.0536243
511,la esperanza del peru s.a.,lima,san borja,avenida av. guardia civil n 337 av. guardia civil n 337 san borja lima lima,"Avenida Avenida Guardia Civil N 337 Avenida Guardia Civil N 337 San Borja Lima Lima, San Borja, Lima, Perú",-12.0976533,-77.0118129
713,nacional sergio e. bernales,lima,comas,av. tupac amaru km. 14.5,"Avenida Tupac Amaru Km 145, Comas, Lima, Perú",-11.9417251,-77.0502012
726,clinica campos e.i.r.ltda.,canete,san vicente de canete,avenida av. mariscal oscar r. benavides 554 san vicente de canete distrito san vicente de canete provincia canete departamento lima,"Avenida Avenida Mariscal Oscar R Benavides 554 San Vicente De Canete Distrito San Vicente De Canete Provincia Canete Departamento Lima, San Vicente De Canete, Canete, Perú",-13.0725669,-76.3677065
727,clinica de la familia,lima,la molina,las caobas 152 el remanso,"Las Caobas 152 El Remanso, La Molina, Lima, Perú",-12.0909727,-76.9494977
753,clinica nuevo san juan sac,lima,sjl,"av. proceres de la independencia 1764, mz. g, ootes 10-11-20-21 - urb. las flores","Avenida Proceres De La Independencia 1764, Manzana G, Ootes 10, 11, 20, 21, Urb Las Flores, San Juan De Lurigancho, Lima, Perú",-12.0040694,-77.0066895
791,clinica fleming,lima,san borja,jiron jr alexander fleming 103 urb san borja sur distrito san borja provincia lima departamento lima,"Jiron Jiron Alexander Fleming 103 Urb San Borja Sur Distrito San Borja Provincia Lima Departamento Lima, San Borja, Lima, Perú",-12.1017841,-77.00670029999999
875,el porvenir,lima,la victoria,jr. sebastian barranca 977,"Jiron Sebastian Barranca 977, La Victoria, Lima, Perú",-12.0674889,-77.0211259
940,clinica santa maria de la vida,lima,sjm,"calle calle 5 s/n, aahh rep. democratica alemana numero s/n distrito san juan de miraflores provincia lima departamento lima","Calle Calle 5 S/N, Aahh Rep Democratica Alemana Numero S/N Distrito San Juan De Miraflores Provincia Lima Departamento Lima, San Juan De Miraflores, Lima, Perú",-12.1411414,-76.9558129
1023,centro materno infantil juan pablo ii,lima,ves,"av. mariano pastor  sevilla s/n ,sector 6,grupo 6","Avenida Mariano Pastor Sevilla S/N, Sector 6, Grupo 6, Villa El Salvador, Lima, Perú",-12.2208463,-76.9437828
1058,hospital aurelio diaz ufano y peral,lima,sjl,calle majes s/n g-11 - urb. los pinos,"Calle Majes S/N G, 11, Urb Los Pinos, San Juan De Lurigancho, Lima, Perú",-12.1182819,-76.9949691
1061,hospital municipal los olivos,lima,los olivos,avenida av naranjal 318 los olivos distrito los olivos provincia lima departamento lima,"Avenida Avenida Naranjal 318 Los Olivos Distrito Los Olivos Provincia Lima Departamento Lima, Los Olivos, Lima, Perú",-11.9766713,-77.06335109999999
1064,clinica estetica monterrico,lima,santiago de surco,av.javier prado este 3877.surco,"AvenidaJavier Prado Este 3877Surco, Santiago De Surco, Lima, Perú",-12.08377,-76.9734813
1222,oncologia s.a.c.,lima,san borja,jr. eduardo ordonez no 215 - 219,"Jiron Eduardo Ordonez No 215, 219, San Borja, Lima, Perú",-12.1056534,-77.00743849999999
1235,cuyubamba reinoso jorge luis,lima,lince,"av arequipa 2685 of 301, 3er piso","Avenida Arequipa 2685 Of 301, 3Er Piso, Lince, Lima, Perú",-12.0904172,-77.0333557
1365,cirugia laparoscopica e.i.r.ltda,lima,lince,avenida arequipa  numero 2685 piso 3 interior 301 distrito lince provincia lima departamento lima,"Avenida Arequipa Numero 2685 Piso 3 Interior 301 Distrito Lince Provincia Lima Departamento Lima, Lince, Lima, Perú",-12.0903698,-77.0333003
1374,centro de salud militar rimac,lima,rimac,avenida av. elespuru s/n fuerte rafael hoyos rubio - rimac numero s/n distrito rimac provincia lima departamento lima,"Avenida Avenida Elespuru S/N Fuerte Rafael Hoyos Rubio, Rimac Numero S/N Distrito Rimac Provincia Lima Departamento Lima, Rimac, Lima, Perú",-12.0238444,-77.0366114
1377,instituto nacional materno perinatal,lima,lima cercado,jiron jr. antonio miroquesada no 941 jr. antonio miroquesada no 941 lima lima lima,"Jiron Jiron Antonio Miroquesada No 941 Jiron Antonio Miroquesada No 941 Lima Lima Lima, Lima, Perú",-12.0568642,-77.1364923
1380,clinica oncosalud,lima,san borja,"avenida av. guardia civil n227-229 ,urb. corpac distrito san borja provincia lima departamento lima","Avenida Avenida Guardia Civil N227, 229, Urb Corpac Distrito San Borja Provincia Lima Departamento Lima, San Borja, Lima, Perú",-12.0965002,-77.0112121
1418,detecta clinica,lima,surquillo,avenida angamos este n 2688 distrito surquillo provincia lima departamento lima,"Avenida Angamos Este N 2688 Distrito Surquillo Provincia Lima Departamento Lima, Surquillo, Lima, Perú",-12.111745,-76.9956488
1442,especialidades medicas universal s.a.,lima,san borja,jr eduardo ordonez 468,"Jiron Eduardo Ordonez 468, San Borja, Lima, Perú",-12.1055293,-77.0018027
1483,tahuantinsuyo bajo,lima,independencia,avenida av. chinchaysuyo cuadra 4 - urb. tahuantinsuyo distrito independencia provincia lima departamento lima,"Avenida Avenida Chinchaysuyo Cuadra 4, Urb Tahuantinsuyo Distrito Independencia Provincia Lima Departamento Lima, Independencia, Lima, Perú",-11.9797373,-77.0574515
1551,luis arias schereiber - hospital militar central,lima,jesus maria,av faustino sanchez carrion s/n (ex. av pershin s/n),"Avenida Faustino Sanchez Carrion S/N, Jesus Maria, Lima, Perú",-12.0878765,-77.0608092
1670,instituto medico quirurgico arequipa sa,lima,lima cercado,av arequipa 1180  santa beatriz,"Avenida Arequipa 1180 Santa Beatriz, Lima, Perú",-12.0763197,-77.0358176
1755,"centro materno infantil de salud - ""virgen del carmen""",lima,chorrillos,calle leopoldo arias nro. 200,"Calle Leopoldo Arias Nro 200, Chorrillos, Lima, Perú",-12.1660968,-77.0204961
1792,jose carlos mariategui,lima,vmt,av. primavera cuadra 23 s/n jose carlos mariategui,"Avenida Primavera Cuadra 23 S/N Jose Carlos Mariategui, Villa Maria Del Triunfo, Lima, Perú",-12.2289834,-76.9465232
1875,inmater,lima,san borja,avenida guardia civil 655,"Avenida Guardia Civil 655, San Borja, Lima, Perú",-12.0962139,-77.01076739999999
1922,pirpalap sac,lima,lima cercado,avenida emancipacion 785-791-799,"Avenida Emancipacion 785, 791, 799, Lima, Perú",-12.0448239,-77.04027119999999
2001,clinica javier prado,lima,san isidro,av. javier prado este 499 urb. jardin lima- san isidro,"Avenida Javier Prado Este 499 Urb Jardin Lima, San Isidro, Lima, Perú",-12.0910983,-77.0283573
2034,kyoda y asociados s.a.c,lima,jesus maria,jr. daniel olaechea 273,"Jiron Daniel Olaechea 273, Jesus Maria, Lima, Perú",-12.0854163,-77.0503526
2310,clinica quirurgica santa maria s.a.,lima,surquillo,calle las aguilas no. 360 urb. limatambo,"Calle Las Aguilas No 360 Urb Limatambo, Surquillo, Lima, Perú",-12.1034121,-77.0261531
2454,centro dental san jose e.i.r.l.,lima,san isidro,av. las camelias 741-b 3er piso (01 consultorio),"Avenida Las Camelias 741, B 3Er Piso, San Isidro, Lima, Perú",-12.0970431,-77.03393710000002
2457,oftalmologia integral sac,lima,miraflores,av grau 228-248,"Avenida Grau 228, 248, Miraflores, Lima, Perú",-12.120495,-77.03508289999999
2460,7,lima,san miguel,calle dean saavedra 148 maranga san miguel,"Calle Dean Saavedra 148 Maranga San Miguel, San Miguel, Lima, Perú",-12.0786183,-77.090239
2521,servicios medicos repromedic s.a.c,lima,jesus maria,jr.maximo abril no 585 - 589,"JironMaximo Abril No 585, 589, Jesus Maria, Lima, Perú",-12.0824947,-77.0506092
2575,hospital i marino molina scippa,lima,comas,av. guillermo de la fuente no 515 urb. santa luzmila,"Avenida Guillermo De La Fuente No 515 Urb Santa Luzmila, Comas, Lima, Perú",-11.9438071,-77.058116
2665,clinica santa isabel,lima,san borja,avenida guardia civil 135 distrito san borja provincia lima departamento lima,"Avenida Guardia Civil 135 Distrito San Borja Provincia Lima Departamento Lima, San Borja, Lima, Perú",-12.0894299,-77.0070575
2790,medicina avanzada s.a.,lima,jesus maria,av. gregorio escobedo 560,"Avenida Gregorio Escobedo 560, Jesus Maria, Lima, Perú",-12.0853546,-77.0533279
2820,centro de cirugia estetica las condes e.i.r.l.,lima,san borja,av. javier prado este n 2970,"Avenida Javier Prado Este N 2970, San Borja, Lima, Perú",-12.0871129,-76.99437379999999
2840,centro medico kirei,lima,vmt,avenida avenida villa maria 745 distrito villa maria del triunfo provincia lima departamento lima,"Avenida Avenida Villa Maria 745 Distrito Villa Maria Del Triunfo Provincia Lima Departamento Lima, Villa Maria Del Triunfo, Lima, Perú",-12.1625968,-76.94545500000001
2869,centro medico san pedro norte sa,lima,independencia,jr. 12 de julio 239 urb. 12 de julio lima,"Jiron 12 De Julio 239 Urb 12 De Julio Lima, Independencia, Lima, Perú",-12.0031225,-77.05669999999999
3029,visualcenter sac,lima,san miguel,av. elmer faucett 132    urb. maranga,"Avenida Elmer Faucett 132 Urb Maranga, San Miguel, Lima, Perú",-12.0732101,-77.098826
3108,hospital de la mujer.,lima,surquillo,avenida av mariscal andres avelino caceres 559-563 distrito surquillo provincia lima departamento lima,"Avenida Avenida Mariscal Andres Avelino Caceres 559, 563 Distrito Surquillo Provincia Lima Departamento Lima, Surquillo, Lima, Perú",-12.1193164,-77.01974609999999
3163,policlinico militar chorrillos,lima,chorrillos,av: escuela militar s/n villa militar oeste,"Avenida: Escuela Militar S/N Villa Militar Oeste, Chorrillos, Lima, Perú",-12.1585812,-77.0188923
3172,centro de salud surquillo,lima,surquillo,jr. narciso de la colina 840,"Jiron Narciso De La Colina 840, Surquillo, Lima, Perú",-12.1270358,-76.9864779
3322,clinicas maison de sante sociedad anonima,lima,lima cercado,jr. miguel aljovin  nro. 208 -222,"Jiron Miguel Aljovin Nro 208, 222, Lima, Perú",-12.0572232,-77.0342417
3328,promotora asistencial s.a.c clinica lima tambo,lima,sjl,av. proceres de la independencia 2701 - y ganimides 106 - 110,"Avenida Proceres De La Independencia 2701, Y Ganimides 106, 110, San Juan De Lurigancho, Lima, Perú",-11.986855,-77.0077168
3592,seguro social de salud - essalud,lima,santa anita,"avenida av. carretera central 1345, km. 3.5 distrito jesus maria provincia lima departamento lima","Avenida Avenida Carretera Central 1345, Km 35 Distrito Jesus Maria Provincia Lima Departamento Lima, Santa Anita, Lima, Perú",-12.0504369,-76.9546735
3653,clinica internacional,lima,san borja,avenida guardia civil manzana. a-4 lote 2 y 3 urb. corpac av. guardia civil manzana. a-4 lote 2 y 3 urb. corpac lima lima lima,"Avenida Guardia Civil Manzana A, 4 Lote 2 Y 3 Urb Corpac Avenida Guardia Civil Manzana A, 4 Lote 2 Y 3 Urb Corpac Lima Lima Lima, San Borja, Lima, Perú",-12.0983551,-76.9620498
4094,grupo salud,lima,chorrillos,jr. independencia 242,"Jiron Independencia 242, Chorrillos, Lima, Perú",-12.1559091,-77.0218838
4185,especialidades medicas quirurgicas san borja,lima,san borja,avenida san borja sur numero 285 distrito san borja provincia lima departamento lima,"Avenida San Borja Sur Numero 285 Distrito San Borja Provincia Lima Departamento Lima, San Borja, Lima, Perú",-12.1003647,-77.0079329
4202,francisco astocondor salazar,lima,san borja,av. boulevard no 610,"Avenida Boulevard No 610, San Borja, Lima, Perú",-12.0644393,-76.96804970000001
4403,british american hospital s.a,lima,san isidro,calle alfredo salazar no 350,"Calle Alfredo Salazar No 350, San Isidro, Lima, Perú",-12.1091258,-77.0394047
4415,clinica santa maria del sur,lima,sjm,av. belisario suarez 998,"Avenida Belisario Suarez 998, San Juan De Miraflores, Lima, Perú",-12.1630853,-76.96525120000001
4476,clinica peruana de la vision,lima,jesus maria,jiron mayta capac numero 1398 distrito jesus maria provincia lima departamento lima,"Jiron Mayta Capac Numero 1398 Distrito Jesus Maria Provincia Lima Departamento Lima, Jesus Maria, Lima, Perú",-12.0764074,-77.04258039999999
4538,instituto del cerebro y la columna vertebral,lima,miraflores,av. alfredo benavides 2965,"Avenida Alfredo Benavides 2965, Miraflores, Lima, Perú",-12.1281698,-77.0043948
4769,consultorio femenino obstetrico mi bebe y yo,lima,ves,sector 1/grupo 7 /manzana m/lote 1 villa el salvador,"Sector 1/Grupo 7 /Manzana M/Lote 1 Villa El Salvador, Villa El Salvador, Lima, Perú",-12.2165935,-76.9312468
4792,clinica materno inf. virgen del rosario s.r.l.,lima,magdalena del mar,jr. castilla n 976,"Jiron Castilla N 976, Magdalena Del Mar, Lima, Perú",-12.0878246,-77.0721185
4879,clinica montefiori,lima,la molina,"av. separadora industrial no 1818-1820 (antes 380-390) mz. a1. lt 17-24, urb. cactus","Avenida Separadora Industrial No 1818, 1820 Manzana A1 Lt 17, 24, Urb Cactus, La Molina, Lima, Perú",-12.0653713,-76.9661363
4900,clinica san bartolome,lima,los olivos,avenida av. carlos alberto izaguirre n 1142 urb. covida iii etapa mz a lt 16 distrito los olivos provincia lima departamento lima,"Avenida Avenida Carlos Alberto Izaguirre N 1142 Urb Covida Iii Etapa Manzana A Lt 16 Distrito Los Olivos Provincia Lima Departamento Lima, Los Olivos, Lima, Perú",-11.9913413,-77.075835
5080,institutos oftalmologicos especializados dr. carlos wong cam s.a.c.,lima,san isidro,"avenida av. guardia civil 554, corpac, san isidro av. guardia civil 554, corpac, san isidro san isidro lima lima","Avenida Avenida Guardia Civil 554, Corpac, San Isidro Avenida Guardia Civil 554, San Isidro San Isidro Lima Lima, San Isidro, Lima, Perú",-12.0946178,-77.0105312
5109,clinica ricardo palma,lima,san isidro,av. javier prado este 1066,"Avenida Javier Prado Este 1066, San Isidro, Lima, Perú",-12.0906435,-77.018258
5153,clinica monte sinai,lima,lince,jiron jr. garcilaso de la vega 1799 distrito lince provincia lima departamento lima,"Jiron Jiron Garcilaso De La Vega 1799 Distrito Lince Provincia Lima Departamento Lima, Lince, Lima, Perú",-12.0830866,-77.0406478
5168,clinica madre zoraida,lima,lurigancho,jiron esquina de jr. chucuito y jr. trujillo sur s/n numero s/n distrito lurigancho provincia lima departamento lima,"Jiron Esquina De Jiron Chucuito Y Jiron Trujillo Sur S/N Numero S/N Distrito Lurigancho Provincia Lima Departamento Lima, Lurigancho, Lima, Perú",-11.9387227,-76.699213
5208,clinica limatambo,lima,san isidro,avenida av. republica de panama 3606 distrito san isidro provincia lima departamento lima,"Avenida Avenida Republica De Panama 3606 Distrito San Isidro Provincia Lima Departamento Lima, San Isidro, Lima, Perú",-12.1006355,-77.01949400000001
5315,instituto nacional de ciencias neurologicas,lima,lima cercado,jr. ancash 1271 - lima,"Jiron Ancash 1271, Lima, Perú",-12.0460056,-77.0157612
5319,clinica el golf,lima,san isidro,avenida av aurelio miroquesada 1030 distrito san isidro provincia lima departamento lima,"Avenida Avenida Aurelio Miroquesada 1030 Distrito San Isidro Provincia Lima Departamento Lima, San Isidro, Lima, Perú",-12.0986172,-77.0517351
5609,clinica monteluz,lima,puente piedra,avenida av. buenos aires no 2307 distrito puente piedra provincia lima departamento lima,"Avenida Avenida Buenos Aires No 2307 Distrito Puente Piedra Provincia Lima Departamento Lima, Puente Piedra, Lima, Perú",-11.8476995,-77.098315
5918,clinica monte sinai eirl,lima,lurigancho,av. lima norte 295 - chosica,"Avenida Lima Norte 295, Chosica, Lurigancho, Lima, Perú",-11.9208672,-76.67578499999999
5946,liga contra el cancer,lima,pueblo libre,avenida avenida brasil 2746 distrito pueblo libre provincia lima departamento lima,"Avenida Avenida Brasil 2746 Distrito Pueblo Libre Provincia Lima Departamento Lima, Pueblo Libre, Lima, Perú",-12.0847639,-77.06212409999999
6032,servicios de salud guadalupe sac.,lima,chorrillos,"av. defensores del morro n 285, urb. chorrillos","Avenida Defensores Del Morro N 285, Urb Chorrillos, Chorrillos, Lima, Perú",-12.1671043,-77.0258817
6077,clinica principe s.a.c.,lima,lince,av. arequipa n 1800,"Avenida Arequipa N 1800, Lince, Lima, Perú",-12.0826096,-77.034936
6380,buenos aires de villa,lima,chorrillos,av. buenos aires de villa s/n.,"Avenida Buenos Aires De Villa S/N, Chorrillos, Lima, Perú",-12.1869719,-77.0010266
6382,vesalio s.a.,lima,san borja,calle joseph thompson n 140 - urb. santo tomas,"Calle Joseph Thompson N 140, Urb Santo Tomas, San Borja, Lima, Perú",-12.1063524,-77.0074155
6456,clinica gonzalez s.a.,lima,lince,avenida ignacio merino 1884,"Avenida Ignacio Merino 1884, Lince, Lima, Perú",-12.0830074,-77.03283239999999
6513,clinica maria del socorro,lima,ate,calle mz j lote 3-a calle apurimac 116 urb. tilda mz j lote 3-a calle apurimac 116 urb. tilda ate lima lima,"Calle Manzana J Lote 3, A Calle Apurimac 116 Urb Tilda Manzana J Lote 3, A Calle Apurimac 116 Urb Tilda Ate Lima Lima, Ate, Lima, Perú",-12.0319972,-76.9355654
6534,asociacion pro vida padre bruno traverso,lima,chorrillos,calle justo naveda 371,"Calle Justo Naveda 371, Chorrillos, Lima, Perú",-12.1719552,-77.0245449
6923,piedra liza,lima,rimac,av. santa rosa s/n - barrio fiscal piedra liza,"Avenida Santa Rosa S/N, Barrio Fiscal Piedra Liza, Rimac, Lima, Perú",-12.0394122,-77.0172979
7003,red de salud clinica s.a.c.,lima,lince,av. arequipa 2449 - 2469 - 2491,"Avenida Arequipa 2449, 2469, 2491, Lince, Lima, Perú",-12.0883881,-77.0333898
7124,especializado de salud mental honorio delgado-hideyo noguchi,lima,smp,jr. eloy espinoza saldana 709 - urb. palao,"Jiron Eloy Espinoza Saldana 709, Urb Palao, San Martin De Porres, Lima, Perú",-12.0219093,-77.06148329999999
7194,clinica renacer,lima,miraflores,calle calle coronel inclan n 986 distrito miraflores provincia lima departamento lima,"Calle Calle Coronel Inclan N 986 Distrito Miraflores Provincia Lima Departamento Lima, Miraflores, Lima, Perú",-12.1098144,-77.0313305
7294,seguro social de salud,lima,santa anita,carretera central km. 3.5 no 1351,"Carretera Central Km 35 No 1351, Santa Anita, Lima, Perú",-12.0504369,-76.9546735
7315,clinica divino nino jesus - orden de malta,lima,sjm,jr ismael escobar 329,"Jiron Ismael Escobar 329, San Juan De Miraflores, Lima, Perú",-12.1484599,-76.9769495
7316,asociacion san cristobal del norte,lima,puente piedra,av. ancon mz-j lt-2 el arenal,"Avenida Ancon Manzana, J Lt, 2 El Arenal, Puente Piedra, Lima, Perú",-11.8303523,-77.1152493
7330,centro de emergencias san pedro de los chorrillos,lima,chorrillos,calle ferrocarril s/n,"Calle Ferrocarril S/N, Chorrillos, Lima, Perú",-12.1848841,-77.0074502
7503,astocondor salazar epifanio francisco,lima,san borja,av boulevard 610 1er piso y sotano,"Avenida Boulevard 610 1Er Piso Y Sotano, San Borja, Lima, Perú",-12.0644393,-76.96804970000001
7540,centro medico casapalca,huarochiri,chicla,"centro minero casapalca, carretera central km 116","Centro Minero Casapalca, Carretera Central Km 116, Chicla, Huarochiri, Perú",-11.6524968,-76.2399344
7576,centro medico avendano s.a.c.,lima,miraflores,calle calle leonidas avendano no 116 distrito miraflores provincia lima departamento lima,"Calle Calle Leonidas Avendano No 116 Distrito Miraflores Provincia Lima Departamento Lima, Miraflores, Lima, Perú",-12.1311584,-77.0245312
7608,oftalmosalud,lima,san isidro,avenida av. javier prado este n 1142 distrito san isidro provincia lima departamento lima,"Avenida Avenida Javier Prado Este N 1142 Distrito San Isidro Provincia Lima Departamento Lima, San Isidro, Lima, Perú",-12.0903547,-77.0171178
7703,milene salud eirl,lima,puente piedra,av. saenz pena 625,"Avenida Saenz Pena 625, Puente Piedra, Lima, Perú",-11.8624827,-77.08036709999999
8013,clinica san felipe s.a.,lima,jesus maria,av. gregorio escobedo n 650,"Avenida Gregorio Escobedo N 650, Jesus Maria, Lima, Perú",-12.0859528,-77.05429339999999
8014,oftalmologos contreras campos soc. civil,lima,san isidro,"av. javier prado este no 1010, 10mo. piso, urb el palomar","Avenida Javier Prado Este No 1010, 10Mo Piso, Urb El Palomar, San Isidro, Lima, Perú",-12.0905902,-77.0180876
8068,clinica maison de sante del este,lima,santiago de surco,"av. prolongacion alfredo benavides 5362 urb. las gardenias, santiago de surco","Avenida Prolongacion Alfredo Benavides 5362 Urb Las Gardenias, Santiago De Surco, Lima, Perú",-12.130404,-76.9810759
8113,clinica morillas s.a.,lima,santiago de surco,avenida el polo 545 urbanizacion el derby,"Avenida El Polo 545 Urbanizacion El Derby, Santiago De Surco, Lima, Perú",-12.1029854,-76.9728931
8172,clinica paulista del peru s.a.c,lima,santiago de surco,av. aviacion nro. 4786   - santiago de surco,"Avenida Aviacion Nro 4786, Santiago De Surco, Lima, Perú",-12.1237169,-76.9992829
8174,guillermo kaelin  de la fuente,lima,vmt,avenida pp.jj. nueva esperanza mz 1b sublote 1 pabellon 1 cruce av. 26 de noviembre c/ av defensores de lima pp.jj. nueva esperanza mz 1b sublote 1 pabellon 1 cruce av. 26 de noviembre c/ av defensores de lima villa maria del triunfo lima lima,"Avenida PpJj Nueva Esperanza Manzana 1B Sublote 1 Pabellon 1 Cruce Avenida 26 De Noviembre C/ Avenida Defensores De Lima PpJj Nueva Esperanza Manzana 1B Sublote 1 Pabellon 1 Cruce Avenida 26 De Noviembre C/ Avenida Defensores De Lima Villa Maria Del Triunfo Lima Lima, Villa Maria Del Triunfo, Lima, Perú",-12.1746747,-76.93405729999999
8238,instituto neuro cardiovascular de las americas s.a.c.,lima,miraflores,avenida 28 de julio  1331 avenida 28 de julio  1331 miraflores lima lima,"Avenida 28 De Julio 1331 Avenida 28 De Julio 1331 Miraflores Lima Lima, Miraflores, Lima, Perú",-12.1302876,-77.0193117
8250,clinica continental,lima,san borja,av. san borja sur n 526,"Avenida San Borja Sur N 526, San Borja, Lima, Perú",-12.1014993,-77.00363480000001
8290,cornelio acuna rosa maria,lima,comas,"pj. mariano melgar no 164, 1er. 2do,3er. y 4to piso, urb la pascana","Pj Mariano Melgar No 164, 1Er 2Do, 3Er Y 4To Piso, Urb La Pascana, Comas, Lima, Perú",-11.9316769,-77.05240409999999
8301,consultorios san juan,lima,smp,"jr: fortunato herrera 3883, urb. condevilla senor, san martin de porres","Jiron: Fortunato Herrera 3883, Urb Condevilla Senor, San Martin De Porres, Lima, Perú",-12.0212947,-77.08773819999999
8885,hospital de barranca,barranca,barranca,av. nicolas de pierola 210 -224,"Avenida Nicolas De Pierola 210, 224, Barranca, Perú",-10.7542777,-77.7641453
8923,centro de salud materno infantil ancon,lima,ancon,jr. loa 595 ancon,"Jiron Loa 595 Ancon, Ancon, Lima, Perú",-11.7745146,-77.17282399999999
8965,servicios y promociones de salud s.a.c.,lima,san isidro,calle los olivos n 364,"Calle Los Olivos N 364, San Isidro, Lima, Perú",-12.0933871,-77.0353191
9069,oftalmedica sur s.a.c.,lima,santiago de surco,"av. la encalada n 923, urb. centro comercial monterrico","Avenida La Encalada N 923, Urb Centro Comercial Monterrico, Santiago De Surco, Lima, Perú",-12.1065131,-76.9716597
9152,magdalena,lima,magdalena del mar,jr. junin 322,"Jiron Junin 322, Magdalena Del Mar, Lima, Perú",-12.0886131,-77.0684419
9296,clinica maison de sante del sur,lima,chorrillos,"av. chorrillos 171 - 173, chorrillos","Avenida Chorrillos 171, 173, Chorrillos, Lima, Perú",-12.1571816,-77.0227792
9405,group corporacion g & r s.a.c.,lima,los olivos,jr. los jazmines n 122 urb. primavera - los olivos,"Jiron Los Jazmines N 122 Urb Primavera, Los Olivos, Lima, Perú",-12.0088658,-77.0757818
9598,norvision sac,lima,pueblo libre,av.paso de los andes 850 pueblo libre,"AvenidaPaso De Los Andes 850 Pueblo Libre, Pueblo Libre, Lima, Perú",-12.0710325,-77.05872939999999
9739,clas juan pablo ii,lima,los olivos,calle 28 s/n aa.hh. juan pablo ii,"Calle 28 S/N AaHh Juan Pablo Ii, Los Olivos, Lima, Perú",-11.9444509,-77.0769059
9836,clinica de osteoporosis y especialidades,lima,miraflores,avenida av. benavides # 2951 miraflores av. benavides # 2951 miraflores miraflores lima lima,"Avenida Avenida Benavides # 2951 Miraflores Avenida Benavides # 2951 Miraflores Miraflores Lima Lima, Miraflores, Lima, Perú",-12.1282076,-77.004543
9977,hospital ii ramon castilla,lima,lima cercado,jiron jiron guillermo dansey no 390 jiron guillermo dansey no 390 lima lima lima,"Jiron Jiron Guillermo Dansey No 390 Jiron Guillermo Dansey No 390 Lima Lima Lima, Lima, Perú",-12.0455732,-77.0409767
9989,clinicas san bernardo s.a.,lima,pueblo libre,calle calle san  jose 161 distrito pueblo libre provincia lima departamento lima,"Calle Calle San Jose 161 Distrito Pueblo Libre Provincia Lima Departamento Lima, Pueblo Libre, Lima, Perú",-12.1767983,-77.02167539999999
9998,hospital iii emergencias grau,lima,lima cercado,avenida grau n 351,"Avenida Grau N 351, Lima, Perú",-12.0587673,-77.0310788
10001,clinica medica zegarra s.a.c.,lima,comas,avenida avenida tupac amaru 1801 urb huaquillay - comas distrito comas provincia lima departamento lima,"Avenida Avenida Tupac Amaru 1801 Urb Huaquillay, Comas Distrito Comas Provincia Lima Departamento Lima, Comas, Lima, Perú",-11.9455467,-77.05057719999999
10016,clinica uniplast s.a.c.,lima,san isidro,av. guardia civil 618 corpac,"Avenida Guardia Civil 618 Corpac, San Isidro, Lima, Perú",-12.095449,-77.01100360000001
10038,serv.med.especializados oftalmic service,lima,san borja,av. geminis h-17 urb papa juan xxiii,"Avenida Geminis H, 17 Urb Papa Juan Xxiii, San Borja, Lima, Perú",-12.1089702,-76.9963387
10094,clinica universitaria s.a.c,lima,comas,av. universitaria n 6062 y jr. pagador no 137 urb. santa luzmila,"Avenida Universitaria N 6062 Y Jiron Pagador No 137 Urb Santa Luzmila, Comas, Lima, Perú",-11.9522075,-77.0595398
10158,nacional  dos de mayo,lima,lima cercado,parque historia de la medicina peruana s/n altura cuadra 13 av grau,"Parque Historia De La Medicina Peruana S/N Altura Cuadra 13 Avenida Grau, Lima",-12.0567249,-77.0174033
10251,clinica maria huarhua e.i.r.l,lima,vmt,av. latinoamerica 200 jr canete 390 mz 27 lt 4a sect.valle bajo 3era etapa jc mareategui san gabriel,"Avenida Latinoamerica 200 Jiron Canete 390 Manzana 27 Lt 4A SectValle Bajo 3Era Etapa Jc Mareategui San Gabriel, Villa Maria Del Triunfo, Lima, Perú",-12.1674642,-76.9204126
10339,hospital de baja complejidad huaycan,lima,ate,av jose c.mariategui s/n zona b - a.h.huaycan,"Avenida Jose CMariategui S/N Zona B, AHHuaycan, Ate, Lima, Perú",-12.0152747,-76.8222641
10412,clinica petras cirujanos plasticos,lima,san isidro,calle calle 6 n 221 - urb. corpac distrito san isidro provincia lima departamento lima,"Calle Calle 6 N 221, Urb Corpac Distrito San Isidro Provincia Lima Departamento Lima, San Isidro, Lima, Perú",-12.1010005,-77.01074489999999
10494,gonzales pinedo rodolfo,lima,lima cercado,jr. antonio miroquesada nro.332 - cercado,"Jiron Antonio Miroquesada Nro332, Cercado, Lima, Perú",-12.0708154,-76.9702897
10495,clinica integral de la mujer s.a.c.,lima,jesus maria,av. san felipe 1015 - 1017,"Avenida San Felipe 1015, 1017, Jesus Maria, Lima, Perú",-12.0817789,-77.04735
10519,asociacion peruano japonesa,lima,pueblo libre,av. paso de los andes 675,"Avenida Paso De Los Andes 675, Pueblo Libre, Lima, Perú",-12.07194,-77.059
10521,clinica san miguel arcangel s.a.c.,lima,sjl,jiron jr. las gardenias 754-760 urb. - los jasmines distrito san juan de lurigancho provincia lima departamento lima,"Jiron Jiron Las Gardenias 754, 760 Urb, Los Jasmines Distrito San Juan De Lurigancho Provincia Lima Departamento Lima, San Juan De Lurigancho, Lima, Perú",-11.9703388,-77.0017429
10616,clinica mundo salud sac,lima,los olivos,av. carlos izaguirre no 1234,"Avenida Carlos Izaguirre No 1234, Los Olivos, Lima, Perú",-11.9912852,-77.0770199
10722,hospital i carlos alcantara butterfield,lima,la molina,av. los constructores 1201 - urb. covima,"Avenida Los Constructores 1201, Urb Covima, La Molina, Lima, Perú",-12.0621912,-76.94554769999999
10725,clinica de mujeres sac,lima,jesus maria,avenida av francisco mariategui 1418 urb fundo oyague av francisco mariategui 1418 urb fundo oyague jesus maria lima lima,"Avenida Avenida Francisco Mariategui 1418 Urb Fundo Oyague Avenida Francisco Mariategui 1418 Urb Fundo Oyague Jesus Maria Lima Lima, Jesus Maria, Lima, Perú",-12.0776238,-77.0509028
10729,oculaser centro de microcirugia y laser sac,lima,lima cercado,av. arenales 1181lima cercado,"Avenida Arenales 1181Lima Cercado, Lima, Perú",-12.076541,-77.0366037
10809,los surenos,lima,puente piedra,coop.  vivienda los surenos mz m lt. 35,"Coop Vivienda Los Surenos Manzana M Lt 35, Puente Piedra, Lima, Perú",-11.8876691,-77.069582
10813,centro materno infantil san jose,lima,ves,"av. los angeles s/n, sector 1, grupo 15","Avenida Los Angeles S/N, Sector 1, Grupo 15, Villa El Salvador, Lima, Perú",-12.1987988,-76.9471057
10833,clinica miraflores,lima,miraflores,calle j.a. encinas 141 urbanizacion el rosedal,"Calle JA Encinas 141 Urbanizacion El Rosedal, Miraflores, Lima, Perú",-12.1273525,-77.0136222
11033,hospital i uldarico rocca fernandez,lima,ves,av.separadora industrial y av. cesar vallejo,"AvenidaSeparadora Industrial Y Avenida Cesar Vallejo, Villa El Salvador, Lima, Perú",-12.210533,-76.9315525
11212,"hospital""rosalia  de lavalle de morales macedo - sociedad de beneficiencia de lima metropolitana",lima,miraflores,gervasio santillana no 260,"Gervasio Santillana No 260, Miraflores, Lima, Perú",-12.1043456,-77.0296402
11292,clinica san marcos s.a.,lima,brena,jiron jr huaraz 1425 jr huaraz 1425 brena lima lima,"Jiron Jiron Huaraz 1425 Jiron Huaraz 1425 Brena Lima Lima, Brena, Lima, Perú",-12.0618637,-77.0465364
11332,hospital victor larco herrera,lima,magdalena del mar,av.augusto perez aranibar n 600,"AvenidaAugusto Perez Aranibar N 600, Magdalena Del Mar, Lima, Perú",-12.1046989,-77.0567573
11384,clinica ziegler cirugia plastica,lima,san isidro,avenida av. guardia civil no 990 distrito san isidro provincia lima departamento lima,"Avenida Avenida Guardia Civil No 990 Distrito San Isidro Provincia Lima Departamento Lima, San Isidro, Lima, Perú",-12.1015527,-77.01433279999999
11545,villa maria del triunfo,lima,vmt,av. pedro valle s/n (altura cuadra 18 av.el triunfo),"Avenida Pedro Valle S/N, Villa Maria Del Triunfo, Lima, Perú",-12.1575741,-76.936013
11632,megasalud naranjal s.a.c.,lima,los olivos,av. naranjal 1582 urb parque naranjal 2da etapa,"Avenida Naranjal 1582 Urb Parque Naranjal 2Da Etapa, Los Olivos, Lima, Perú",-11.9759664,-77.0847833
11654,policlinico cori,lima,los olivos,"avenida carlos alberto izaguirre 978 l 13, 14, 15 las palmeras a una cuadra de la municipalidad de los olivos los olivos lima lima","Avenida Carlos Alberto Izaguirre 978 L 13, 14, 15 Las Palmeras A Una Cuadra De La Municipalidad De Los Olivos Los Olivos Lima Lima, Los Olivos, Lima, Perú",-11.991564,-77.0707092
11747,clinica quintanilla,lima,san borja,avenida av. de las artes sur numero 193 distrito san borja provincia lima departamento lima,"Avenida Avenida De Las Artes Sur Numero 193 Distrito San Borja Provincia Lima Departamento Lima, San Borja, Lima, Perú",-12.0963837,-77.00548239999999
11755,clinica santa lucia s.a.c.,lima,san borja,av. guardia civil 301,"Avenida Guardia Civil 301, San Borja, Lima, Perú",-12.09136,-77.00841
11795,tablada de lurin,lima,vmt,av. republica y billingurst s/n 2do sector,"Avenida Republica Y Billingurst S/N 2Do Sector, Villa Maria Del Triunfo, Lima, Perú",-12.18906,-76.92475
11796,daniel alcides carrion,lima,vmt,av. pachacutec no 3470,"Avenida Pachacutec No 3470, Villa Maria Del Triunfo, Lima, Perú",-12.1780681,-76.9457418
11841,oftalmica s.a.,lima,san borja,avenida san borja norte  783  - 794 san borja lima lima,"Avenida San Borja Norte 783, 794 San Borja Lima Lima, San Borja, Lima, Perú",-12.093545,-76.9996783
12028,instituto nacional cardiovascular carlos alberto peschiera carrillo - incor,lima,jesus maria,jiron coronel felix zegarra no.s 397-417-455-465-491-495,"Jiron Coronel Felix Zegarra NoS 397, 417, 455, 465, 491, 495, Jesus Maria, Lima, Perú",-12.0765935,-77.0422769
12086,centro de catarata y laser e.i.r.l.,lima,san borja,av. san borja sur no 536,"Avenida San Borja Sur No 536, San Borja, Lima, Perú",-12.1016033,-77.0036137
12112,castellares y asociados s.c.r.l.,lima,ate,jiron los abetos n 210 urb. javier prado,"Jiron Los Abetos N 210 Urb Javier Prado, Ate, Lima, Perú",-12.0815094,-76.981675
12113,castellares y asociados s.c.r.l.,lima,ate,jiron los abetos 158 urb. javier prado,"Jiron Los Abetos 158 Urb Javier Prado, Ate, Lima, Perú",-12.0817182,-76.9819773
12144,nacional arzobispo loayza,lima,lima cercado,av. alfonso ugarte 848,"Avenida Alfonso Ugarte 848, Lima, Perú",-12.0503843,-77.0433584
12170,servicios medicos atlantis srl,lima,lurigancho,jr. puno 182- chosica,"Jiron Puno 182, Chosica, Lurigancho, Lima, Perú",-12.0505498,-77.0333804
12288,lurin,lima,lurin,jiron grau no 370 jr. grau no 370 villa el salvador lima lima,"Jiron Grau No 370 Jiron Grau No 370 Villa El Salvador Lima Lima, Lurin, Lima, Perú",-12.2738659,-76.8697194
12300,san martin plastica & estetica,lima,santiago de surco,jiron jiron brea y parinas 109 urb. tambo de monterrico distrito santiago de surco provincia lima departamento lima,"Jiron Jiron Brea Y Parinas 109 Urb Tambo De Monterrico Distrito Santiago De Surco Provincia Lima Departamento Lima, Santiago De Surco, Lima, Perú",-12.1152892,-76.99159449999999
12433,santa rosa,lima,puente piedra,"aa.hh. santa rosa, mz. 50, lote pm - av. santa rosa","AaHh Santa Rosa, Manzana 50, Lote Pm, Avenida Santa Rosa, Puente Piedra, Lima, Perú",-11.8739875,-77.0836441
12486,traumatologia y ortopedia aybar & as sac,lima,jesus maria,av. san felipe n 142,"Avenida San Felipe N 142, Jesus Maria, Lima, Perú",-12.0813453,-77.05799789999999
12555,rimac,lima,rimac,pasaje san german no 270 urb. villacampa  rimac,"Pasaje San German No 270 Urb Villacampa Rimac, Rimac, Lima, Perú",-12.0344183,-77.03351909999999
12621,clinica del norte,lima,los olivos,avenida universitaria mz- b lt- 12 coop. cajabamba distrito los olivos provincia lima departamento lima,"Avenida Universitaria Manzana, B Lt, 12 Coop Cajabamba Distrito Los Olivos Provincia Lima Departamento Lima, Los Olivos, Lima, Perú",-11.9900727,-77.0820218
12685,asociacion civil nuestra senora del sagrado corazon,lima,pueblo libre,av. paso de los andes no 923,"Avenida Paso De Los Andes No 923, Pueblo Libre, Lima, Perú",-12.0711283,-77.0596844
12688,clinica la luz s.a.c.,lima,lima cercado,avenida av. arequipa 1148 - urb. santa beatriz av. arequipa 1148 - urb. santa beatriz lima lima lima,"Avenida Avenida Arequipa 1148, Urb Santa Beatriz Avenida Arequipa 1148, Urb Santa Beatriz Lima Lima Lima, Lima, Perú",-12.0762607,-77.0358918
12748,clinica delgado,lima,miraflores,avenida av angamos oeste n450-490 distrito miraflores provincia lima departamento lima,"Avenida Avenida Angamos Oeste N450, 490 Distrito Miraflores Provincia Lima Departamento Lima, Miraflores, Lima, Perú",-12.1140517,-77.0380089
12808,instituto nacional de salud del nino,lima,brena,av. brasil no 600,"Avenida Brasil No 600, Brena, Lima, Perú",-12.0645734,-77.04578719999999
12871,santa anita,lima,santa anita,calle los mochicas s/n parque lampa de oro  coop.chancas de andahuaylas-santa anita numero s/n distrito santa anita provincia lima departamento lima,"Calle Los Mochicas S/N Parque Lampa De Oro CoopChancas De Andahuaylas, Santa Anita Numero S/N Distrito Santa Anita Provincia Lima Departamento Lima, Santa Anita, Lima, Perú",-12.0418305,-76.9684467
13015,clinica solidaria la campina e.i.r.l,lima,chorrillos,jiron jr tolomeo 142 la campina chorrillos distrito chorrillos provincia lima departamento lima,"Jiron Jiron Tolomeo 142 La Campina Chorrillos Distrito Chorrillos Provincia Lima Departamento Lima, Chorrillos, Lima, Perú",-12.1844318,-76.99937299999999
13019,clinica michaud,lima,miraflores,av. alfredo benavides 2965 - urb. aurora,"Avenida Alfredo Benavides 2965, Urb Aurora, Miraflores, Lima, Perú",-12.1281698,-77.0043948
13071,essalud - hospital ii suarez angamos,lima,miraflores,av. angamos este no 261,"Avenida Angamos Este No 261, Miraflores, Lima, Perú",-12.1135193,-77.0280738
13073,seguro social de salud,lima,ate,jr. san martin de portes 265,"Jiron San Martin De Portes 265, Ate, Lima, Perú",-12.0185821,-76.88535209999999
13247,perimedic,lima,comas,urbanizacion carabayllo ii etapa manzana a lote 18 distrito comas provincia lima departamento lima,"Urbanizacion Carabayllo Ii Etapa Manzana A Lote 18 Distrito Comas Provincia Lima Departamento Lima, Comas, Lima, Perú",-11.9700488,-77.0586051
13321,erick john ramirez aranda,lima,pueblo libre,av. paso de los andes 550,"Avenida Paso De Los Andes 550, Pueblo Libre, Lima, Perú",-12.0748315,-77.05894239999999
13370,instituto medico yanayaco s.a.,lima,san borja,av las artes norte 1105,"Avenida Las Artes Norte 1105, San Borja, Lima, Perú",-12.089674,-76.995295
13404,visual center clinica de ojos,lima,san miguel,avenida av. elmer faucett no 170 distrito san miguel provincia lima departamento lima,"Avenida Avenida Elmer Faucett No 170 Distrito San Miguel Provincia Lima Departamento Lima, San Miguel, Lima, Perú",-12.0723568,-77.0986102
13474,clinica servicios medicos integrales san marcos,lima,sjl,av. santa rosa 1719 - urb. inca manco capac,"Avenida Santa Rosa 1719, Urb Inca Manco Capac, San Juan De Lurigancho, Lima, Perú",-12.0020113,-76.9995756
13477,asociacion hijas de san camilo,lima,santiago de surco,jr. el polo 570 monterrico-santiago de surco,"Jiron El Polo 570 Monterrico, Santiago De Surco, Lima, Perú",-12.1025148,-76.9721514
13485,hospital san juan bautista huaral,huaral,huaral,calle calle tacna no 120 urb. san juan i distrito huaral provincia huaral departamento lima,"Calle Calle Tacna No 120 Urb San Juan I Distrito Huaral Provincia Huaral Departamento Lima, Huaral, Perú",-11.5026039,-77.21299739999999
13578,clinica santa leonor,lima,chorrillos,avenida av. defensors del morro no 2697 - urb. santa leonor distrito chorrillos provincia lima departamento lima,"Avenida Avenida Defensors Del Morro No 2697, Urb Santa Leonor Distrito Chorrillos Provincia Lima Departamento Lima, Chorrillos, Lima, Perú",-12.1837114,-77.0090056
13786,instituto de ginecologia y reproduccion s.a.,lima,santiago de surco,av. manuel olguin 1045 - 1047,"Avenida Manuel Olguin 1045, 1047, Santiago De Surco, Lima, Perú",-12.1030131,-76.97383409999999
13845,instituto kirschbaum de cirugia plastica y estetica s.c.r.l.,lima,san borja,av. javier prado este 2973,"Avenida Javier Prado Este 2973, San Borja, Lima, Perú",-12.08636,-76.9937599
13863,clinica montesur,lima,santiago de surco,avenida av. el polo nro. 505 urb. el derby monterrico distrito santiago de surco provincia lima departamento lima,"Avenida Avenida El Polo Nro 505 Urb El Derby Monterrico Distrito Santiago De Surco Provincia Lima Departamento Lima, Santiago De Surco, Lima, Perú",-12.0987377,-76.9707
13873,hospital ii gustavo lanatta lujan - essalud,huaura,huacho,avenida francisco vidal no 707,"Avenida Francisco Vidal No 707, Huacho, Huaura, Perú",-11.1129497,-77.608706
14065,ollantay,lima,sjm,av. prolongacion gabriel torres s/n. pamplona alta,"Avenida Prolongacion Gabriel Torres S/N Pamplona Alta, San Juan De Miraflores, Lima, Perú",-12.14898,-76.9739699
14067,hospital ii canete,canete,san vicente de canete,av. mariscal benavides no 495,"Avenida Mariscal Benavides No 495, San Vicente De Canete, Canete, Perú",-13.0751576,-76.3801427
14097,clinica cedron,lima,santiago de surco,avenida av el polo 438 cc monterrico distrito santiago de surco provincia lima departamento lima,"Avenida Avenida El Polo 438 Cc Monterrico Distrito Santiago De Surco Provincia Lima Departamento Lima, Santiago De Surco, Lima, Perú",-12.104662,-76.9729184
14147,optima vision s.r.l.,lima,miraflores,av. angamos oeste 884,"Avenida Angamos Oeste 884, Miraflores, Lima, Perú",-12.1137996,-77.0377585
14149,ramos larrea,canete,imperial,otros urb. ramos larrea mz h lote 1 y 2 distrito imperial provincia canete departamento lima,"Otros Urb Ramos Larrea Manzana H Lote 1 Y 2 Distrito Imperial Provincia Canete Departamento Lima, Imperial, Canete, Perú",-13.0605258,-76.35312189999999
14182,unidad ejecutora 020: sanidad de la pnp,lima,rimac,psje san german s/n cuadra 2 - urb villacampa,"Psje San German S/N Cuadra 2, Urb Villacampa, Rimac, Lima, Perú",-12.0705403,-77.0108783
14273,clinica maria sociedad comercial de responsabilidad limitada,lima,los olivos,jr: aquia 4844 urb. naranjal,"Jiron: Aquia 4844 Urb Naranjal, Los Olivos, Lima, Perú",-11.9814712,-77.080948
14316,centro medico clinica san judas tadeo s.a.,lima,san miguel,calle manuel raygada no 170 (anexo en calle laureano martinez no 140) - urb el campillo,"Calle Manuel Raygada No 170, Urb El Campillo, San Miguel, Lima, Perú",-12.080003,-77.080145
14320,policlinico nahui e.i.r.l.,lima,surquillo,av. angamos este no 714 - 1er 2do y 3er piso,"Avenida Angamos Este No 714, 1Er 2Do Y 3Er Piso, Surquillo, Lima, Perú",-12.1136064,-77.0240805
14336,clinica real los laureles s.a.c,lima,chorrillos,calle armando cambana no279 urb. los laureles - chorrillos,"Calle Armando Cambana No279 Urb Los Laureles, Chorrillos, Lima, Perú",-12.1744472,-77.0201249
14541,medical plastic e.i.r.l.,lima,magdalena del mar,av brasil 3281,"Avenida Brasil 3281, Magdalena Del Mar, Lima, Perú",-12.0896085,-77.0654182
14545,fuerza aerea del peru,lima,miraflores,av. aramburu 2da. cuadra s/n,"Avenida Aramburu 2Da Cuadra S/N, Miraflores, Lima, Perú",-12.103244,-77.0295196
14674,unidad ejecutora 020:sanidad de la pnp,lima,san miguel,jr ramon castilla 590,"Jiron Ramon Castilla 590, San Miguel, Lima, Perú",-12.0455376,-77.1009788
14747,clinica internacional s.a.,lima,lima cercado,jr. washington 1471,"Jiron Washington 1471, Lima, Perú",-12.0594114,-77.03882399999999
14751,clinica de ojos dopeluce s.a.c.,lima,lince,av arequipa 1885,"Avenida Arequipa 1885, Lince, Lima, Perú",-12.0833357,-77.03434
14752,materno infantil dr. enrique martin altuna,lima,puente piedra,asoc viv e industrias virgen de las nieves urb leoncio prado mz b lt. 18a km 35.5 panam. norte,"Asoc Viv E Industrias Virgen De Las Nieves Urb Leoncio Prado Manzana B Lt 18A Km 355 Panam Norte, Puente Piedra, Lima, Perú",-12.0316117,-77.02981919999999
14832,hospital carlos lanfranco la hoz,lima,puente piedra,av. saenz pena - cuadra 6 s/n,"Avenida Saenz Pena, Cuadra 6 S/N, Puente Piedra, Lima, Perú",-11.8629099,-77.0798273
14938,clinica especializada en cirugia plastica san agustin,lima,pueblo libre,"avenida brasil 2630, interior ""a"" y la av brasil 2610, interior 101 distrito pueblo libre provincia lima departamento lima","Avenida Brasil 2630, Interior ""A"" Y La Avenida Brasil 2610, Interior 101 Distrito Pueblo Libre Provincia Lima Departamento Lima, Pueblo Libre, Lima, Perú",-12.0835739,-77.0611115
15093,"instituto nacional de rehabilitacion ""dra. adriana rebaza flores"" amistad peru - japon",lima,chorrillos,avenida av. defensores del morro n 213 - 215 distrito chorrillos provincia lima departamento lima,"Avenida Avenida Defensores Del Morro N 213, 215 Distrito Chorrillos Provincia Lima Departamento Lima, Chorrillos, Lima, Perú",-12.1667714,-77.02613889999999
15135,san fernando,lima,ate,jironjose santos chocano cdra.01 s/n - urb.valdiviezo numero s/n distrito ate provincia lima departamento lima,"Jironjose Santos Chocano Cuadra01 S/N, UrbValdiviezo Numero S/N Distrito Ate Provincia Lima Departamento Lima, Ate, Lima, Perú",-12.0184233,-76.8824782
15164,hospital nacional hipolito unanue,lima,el agustino,avenida cesar vallejo 1390 - el agustino av. cesar vallejo 1390 - el agustino el agustino lima lima,"Avenida Cesar Vallejo 1390, El Agustino Avenida Cesar Vallejo 1390, El Agustino El Agustino Lima Lima, El Agustino, Lima, Perú",-12.03992,-76.99249999999999
15184,nacional de oftalmologia,lima,lima cercado,avenida av. tingo maria no 398 distrito lima provincia lima departamento lima,"Avenida Avenida Tingo Maria No 398 Distrito Lima Provincia Lima Departamento Lima, Lima, Perú",-12.0512579,-77.0557194
15218,miguel grau,lima,chaclacayo,carretera carretera central kilometro 19.5 - coop.viv. miguel grau distrito chaclacayo provincia lima departamento lima,"Carretera Carretera Central Kilometro 195, CoopViv Miguel Grau Distrito Chaclacayo Provincia Lima Departamento Lima, Chaclacayo, Lima, Perú",-11.9795888,-76.787016
15219,hospital general de huacho,huaura,huacho,avenida jose arambulo la rosa no 221-251-271,"Avenida Jose Arambulo La Rosa No 221, 251, 271, Huacho, Huaura, Perú",-11.1158556,-77.6074757
15440,hospital rezola,canete,san vicente de canete,calle san martin no 120 -124  san vicente,"Calle San Martin No 120, 124 San Vicente, San Vicente De Canete, Canete, Perú",-13.0777593,-76.3883481
15460,rejuvenecimiento y estetica cabani srl,lima,san borja,av guardia civil 627,"Avenida Guardia Civil 627, San Borja, Lima, Perú",-12.0960577,-77.01069989999999
15461,hospital hermilio valdizan,lima,santa anita,carretera carretera central km 3.5 santa anita distrito santa anita provincia lima departamento lima,"Carretera Carretera Central Km 35 Santa Anita Distrito Santa Anita Provincia Lima Departamento Lima, Santa Anita, Lima, Perú",-12.0504369,-76.9546735
15614,policlinico san vicente - canete e.i.r.l.,canete,san vicente de canete,avenida mariscal benavides n138. san vicente. canete,"Avenida Mariscal Benavides N138 San Vicente Canete, San Vicente De Canete, Canete, Perú",-13.0743425,-76.3718091
15725,humana instituto de salud para la mujer srl,lima,la molina,av. flora tristan 2002 - calle fernando bonilla 115 - urb. santa patricia,"Avenida Flora Tristan 2002, Calle Fernando Bonilla 115, Urb Santa Patricia, La Molina, Lima, Perú",-12.0728559,-76.9407647
15922,casa de reposo senor de nazareno,lima,san borja,av. las artes nortes 1249  -  1247,"Avenida Las Artes Nortes 1249, 1247, San Borja, Lima, Perú",-12.0892295,-76.99239879999999
16083,omnia vision s.a.,lima,santiago de surco,av. intuhuatana no 495 - urb. tambo de monterrico - santiago de surco.,"Avenida Intuhuatana No 495, Urb Tambo De Monterrico, Santiago De Surco, Lima, Perú",-12.1153036,-76.9951549
16248,manuel barreto,lima,sjm,jr. manuel barreto s/n zona k-ciudad de dios,"Jiron Manuel Barreto S/N Zona K, Ciudad De Dios, San Juan De Miraflores, Lima, Perú",-12.1538962,-76.96830330000002
16249,jose galvez,lima,vmt,cruce calle arica con agricultura s/n,"Cruce Calle Arica Con Agricultura S/N, Villa Maria Del Triunfo, Lima, Perú",-12.210089,-76.9071711
16252,hospital i octavio mongrut munoz,lima,san miguel,av parque de las leyendas 255,"Avenida Parque De Las Leyendas 255, San Miguel, Lima, Perú",-12.0658784,-77.09449819999999
16283,hospital de mediana complejidad jose agurto tello,lima,lurigancho,jr. arequipa 214-218,"Jiron Arequipa 214, 218, Lurigancho, Lima, Perú",-11.9562044,-77.0516197
16436,enfermeria de cadetes de la escuela militar de chorrillos,lima,chorrillos,avenida escuela militar s/n chorrillos s/n avenida escuela militar s/n chorrillos san borja lima lima,"Avenida Escuela Militar S/N Chorrillos S/N Avenida Escuela Militar S/N Chorrillos San Borja Lima Lima, Chorrillos, Lima, Perú",-12.1609201,-77.0191991
16448,hospital san juan de lurigancho,lima,sjl,entre paradero 10 y 11 de av. canto grande (huascar),"Entre Paradero 10 Y 11 De Avenida Canto Grande, San Juan De Lurigancho, Lima, Perú",-11.9615255,-77.0002504
16528,fundacion para el tratamiento de glaucoma y catarata sociedad anonima cerrada,lima,jesus maria,jiron caracas 2410,"Jiron Caracas 2410, Jesus Maria, Lima, Perú",-12.0854421,-77.0568322
16608,hospital de supe laura esther rodriguez dulanto,barranca,supe,jiron  alfonso ugarte no 350 distrito supe provincia barranca departamento lima,"Jiron Alfonso Ugarte No 350 Distrito Supe Provincia Barranca Departamento Lima, Supe, Barranca, Perú",-10.7517666,-77.7584141
16655,instituto nacional de enfermedades neoplasicas,lima,surquillo,"av. angamos este 2520, urb. calera de la merced","Avenida Angamos Este 2520, Urb Calera De La Merced, Surquillo, Lima, Perú",-12.1119908,-77.00169029999999
16676,clinica medica cayetano heredia,lima,smp,avenida honorio delgado 370 ingenieria smp av. honorio delgado 370 ingenieria smp san martin de porres lima lima,"Avenida Honorio Delgado 370 Ingenieria Smp Avenida Honorio Delgado 370 Ingenieria Smp San Martin De Porres Lima Lima, San Martin De Porres, Lima, Perú",-12.0235377,-77.0560922
16840,cloh s.a.c.,lima,miraflores,av. paseo de la castellana no 102 - 110,"Avenida Paseo De La Castellana No 102, 110, Miraflores, Lima, Perú",-12.1292553,-77.00163979999999
16866,hospital nacional edgardo rebagliati martins,lima,jesus maria,jiron edgardo rebagliati no490,"Jiron Edgardo Rebagliati No490, Jesus Maria, Lima, Perú",-12.0779355,-77.04042729999999
16870,hospital nacional guillermo almenara irigoyen,lima,la victoria,av. grau no 800,"Avenida Grau No 800, La Victoria, Lima, Perú",-12.058728,-77.0224793
16874,inverconsult s.a.,lima,san miguel,calle carlos gonzales 250 urb. maranga,"Calle Carlos Gonzales 250 Urb Maranga, San Miguel, Lima, Perú",-12.0749986,-77.0916757
16875,clinica san martin,lima,sjl,av. proceres de la independencia 576,"Avenida Proceres De La Independencia 576, San Juan De Lurigancho, Lima, Perú",-12.0224038,-77.0065068
17072,inversiones medicas galeno s.a.c.,huaura,huacho,avenida avenida echenique no 641 - huacho avenida echenique no 641 - huacho huacho huaura lima,"Avenida Avenida Echenique No 641, Huacho Avenida Echenique No 641, Huacho Huacho Huaura Lima, Huacho, Huaura, Perú",-11.1116174,-77.6097336
17133,inversiones generales salomon s.a.,lima,surquillo,calle valdemar moser 501 - urb la aurora,"Calle Valdemar Moser 501, Urb La Aurora, Surquillo, Lima, Perú",-12.1168424,-77.00690469999999
17247,cesar lopez silva,lima,ves,sector iv mz b1 lt s/n 1ra. etapa urb.pachacamac s/n sector iv mz b1 lt s/n 1ra. etapa urb.pachacamac villa el salvador lima lima,"Sector Iv Manzana B1 Lt S/N 1Ra Etapa UrbPachacamac S/N Sector Iv Manzana B1 Lt S/N 1Ra Etapa UrbPachacamac Villa El Salvador Lima Lima, Villa El Salvador, Lima, Perú",-12.2318002,-76.9242795
17385,hospital vitarte,lima,ate,avenida nicolas ayllon 5880-carretera central distrito ate provincia lima departamento lima,"Avenida Nicolas Ayllon 5880, Carretera Central Distrito Ate Provincia Lima Departamento Lima, Ate, Lima, Perú",-11.9845473,-76.80689269999999
17399,clinica chorrillos,lima,chorrillos,avenida av. defensores del morro n1201 distrito chorrillos provincia lima departamento lima,"Avenida Avenida Defensores Del Morro N1201 Distrito Chorrillos Provincia Lima Departamento Lima, Chorrillos, Lima, Perú",-12.1927246,-77.0037691
17422,tambo viejo,lima,cieneguilla,avenida av. manco capac s/n - zona a - tambo viejo-cieneguilla s/n av. manco capac s/n - zona a - tambo viejo-cieneguilla cieneguilla lima lima,"Avenida Avenida Manco Capac S/N, Zona A, Tambo Viejo, Cieneguilla S/N Avenida Manco Capac S/N, Cieneguilla Cieneguilla Lima Lima, Cieneguilla, Lima, Perú",-12.1111027,-76.818489
17424,hospital nacional policia nacional del peru gral pnp luis n. saenz.,lima,jesus maria,avenida brasil cuadra 26 s/n s/n avenida brasil cuadra 26 s/n miraflores lima lima,"Avenida Brasil Cuadra 26 S/N S/N Avenida Brasil Cuadra 26 S/N Miraflores Lima Lima, Jesus Maria, Lima, Perú",-12.0786573,-77.056852
17440,clinica internacional s.a.,lima,san borja,avenida guardia civil no 385 av. guardia civil no 385 san borja lima lima,"Avenida Guardia Civil No 385 Avenida Guardia Civil No 385 San Borja Lima Lima, San Borja, Lima, Perú",-12.0976533,-77.0118129
17468,hospital de emergencias pediatricas,lima,la victoria,avenida av grau 854 - prolong jr huamanga 147 distrito la victoria provincia lima departamento lima,"Avenida Avenida Grau 854, Prolong Jiron Huamanga 147 Distrito La Victoria Provincia Lima Departamento Lima, La Victoria, Lima, Perú",-12.0583643,-77.021587
17474,centro materno infantil santa luzmila ii,lima,comas,avenida av. 22 de agosto n 1001- urb santa luzmila ii etapa distrito comas provincia lima departamento lima,"Avenida Avenida 22 De Agosto N 1001, Urb Santa Luzmila Ii Etapa Distrito Comas Provincia Lima Departamento Lima, Comas, Lima, Perú",-11.9470552,-77.058989
17539,oftalmo vissum sociedad anonima cerrada,lima,santiago de surco,avenida alfredo benavides numero 4408 piso 1 manzana g3 lote 2 urbanizacion vista alegre distrito santiago de surco provincia lima departamento lima,"Avenida Alfredo Benavides Numero 4408 Piso 1 Manzana G3 Lote 2 Urbanizacion Vista Alegre Distrito Santiago De Surco Provincia Lima Departamento Lima, Santiago De Surco, Lima, Perú",-12.1282723,-76.99105039999999
17560,centro medico materno infantil sanchez,lima,sjl,avenida av. los amelos 1725 - urb. san hilarion distrito san juan de lurigancho provincia lima departamento lima,"Avenida Avenida Los Amelos 1725, Urb San Hilarion Distrito San Juan De Lurigancho Provincia Lima Departamento Lima, San Juan De Lurigancho, Lima, Perú",-11.9952066,-77.01442660000001
17827,hospital chancay y servicios basicos de salud,huaral,chancay,jiron jr. . sucre s/n numero s/n distrito chancay provincia huaral departamento lima,"Jiron Jiron  Sucre S/N Numero S/N Distrito Chancay Provincia Huaral Departamento Lima, Chancay, Huaral, Perú",-11.5666572,-77.2685791
17905,hospital nacional cayetano heredia,lima,smp,avenida av. honorio delgado 262 urb. ingenieria av. honorio delgado 262 urb. ingenieria san martin de porres lima lima,"Avenida Avenida Honorio Delgado 262 Urb Ingenieria Avenida Honorio Delgado 262 Urb Ingenieria San Martin De Porres Lima Lima, San Martin De Porres, Lima, Perú",-12.0214115,-77.0548161
18115,clinica los andes sac,lima,miraflores,calle calle asuncion no 177 distrito miraflores provincia lima departamento lima,"Calle Calle Asuncion No 177 Distrito Miraflores Provincia Lima Departamento Lima, Miraflores, Lima, Perú",-12.1048524,-77.0321134
18320,centro materno infantil laura rodriguez,lima,comas,calle calle 30 n 150 (antes mz r1 lote 2- parcela a) urb. el pinar distrito comas provincia lima departamento lima,"Calle Calle 30 N 150 Urb El Pinar Distrito Comas Provincia Lima Departamento Lima, Comas, Lima, Perú",-11.9159302,-77.0555911
18800,instituto nacional de salud nino san borja,lima,san borja,avenida av la rosa toro 1250 urb jacaranda ii distrito san borja provincia lima departamento lima,"Avenida Avenida La Rosa Toro 1250 Urb Jacaranda Ii Distrito San Borja Provincia Lima Departamento Lima, San Borja, Lima, Perú",-12.0743782,-76.99334730000001
18804,clinica santa beatriz,lima,jesus maria,jiron jr. ramon dagnino no 227 jr. ramon dagnino no 227 jesus maria lima lima,"Jiron Jiron Ramon Dagnino No 227 Jiron Ramon Dagnino No 227 Jesus Maria Lima Lima, Jesus Maria, Lima, Perú",-12.0714932,-77.0375642
18826,clinica san vicente s.a.,lima,smp,avenida av peru 3220 av peru 3220 san martin de porres lima lima,"Avenida Avenida Peru 3220 Avenida Peru 3220 San Martin De Porres Lima Lima, San Martin De Porres, Lima",-12.0311648,-77.08157940000001
18827,hospital san juan de matucana,huarochiri,matucana,avenida av florida s/n -costado de la ugel numero s/n distrito matucana provincia huarochiri departamento lima,"Avenida Avenida Florida S/N, Costado De La Ugel Numero S/N Distrito Matucana Provincia Huarochiri Departamento Lima, Matucana, Huarochiri, Perú",-11.8432219,-76.3825107
18845,hospital de emergencias jose casimiro ulloa,lima,miraflores,avenida av. roosvelt n 6355 (ex av. republica de panama) av. roosvelt n 6355 (ex av. republica de panama) miraflores lima lima,"Avenida Avenida Roosvelt N 6355 Avenida Roosvelt N 6355 Miraflores Lima Lima, Miraflores, Lima, Perú",-12.1287621,-77.0178966
19004,clinica good hope,lima,miraflores,"avenida av. malecon balta n 956, 934, 944 y av. grau n 755 distrito miraflores provincia lima departamento lima","Avenida Avenida Malecon Balta N 956, 934, 944 Y Avenida Grau N 755 Distrito Miraflores Provincia Lima Departamento Lima, Miraflores, Lima, Perú",-12.1256637,-77.0345213
19139,clinica jesus del norte,lima,independencia,avenida avenida carlos izaguirre 153 distrito independencia provincia lima departamento lima,"Avenida Avenida Carlos Izaguirre 153 Distrito Independencia Provincia Lima Departamento Lima, Independencia, Lima, Perú",-11.9899976,-77.0628581
19389,hospital de apoyo santa rosa,lima,pueblo libre,av. bolivar s/n cuadra 8,"Avenida Bolivar S/N Cuadra 8, Pueblo Libre, Lima, Perú",-12.0724072,-77.0658263
19481,ricardo palma,huarochiri,ricardo palma,avenida av. alameda grau no 103 distrito ricardo palma provincia huarochiri departamento lima,"Avenida Avenida Alameda Grau No 103 Distrito Ricardo Palma Provincia Huarochiri Departamento Lima, Ricardo Palma, Huarochiri, Perú",-11.9239743,-76.66004149999999
19558,clinica san pablo,lima,santiago de surco,calle calle la conquista 145-urb. el derby de monterrico distrito santiago de surco provincia lima departamento lima,"Calle Calle La Conquista 145, Urb El Derby De Monterrico Distrito Santiago De Surco Provincia Lima Departamento Lima, Santiago De Surco, Lima, Perú",-12.0991505,-76.9712145
19608,centro medico especializado virgen de las mercedes e.i.r.l,lima,vmt,"otros comite 22-c, mza ""a"", lote 01, urb.nueva esperanza vmt. comite 22-c, mza ""a"", lote 01, urb.nueva esperanza vmt. villa maria del triunfo lima lima","Otros Comite 22, C, Mza ""A"", Lote 01, UrbNueva Esperanza Vmt Comite 22, UrbNueva Esperanza Vmt Villa Maria Del Triunfo Lima Lima, Villa Maria Del Triunfo, Lima, Perú",-12.1777436,-76.9314168
19618,tg laser oftalmica s.a.,lima,san isidro,avenida dos de mayo n 646-666 distrito san isidro provincia lima departamento lima,"Avenida Dos De Mayo N 646, 666 Distrito San Isidro Provincia Lima Departamento Lima, San Isidro, Lima, Perú",-12.0911125,-77.0383511
19870,hospital de emergencias villa el salvador,lima,ves,avenida pastor sevilla numero 000 distrito villa el salvador provincia lima departamento lima,"Avenida Pastor Sevilla Numero 000 Distrito Villa El Salvador Provincia Lima Departamento Lima, Villa El Salvador, Lima, Perú",-12.2401528,-76.9277542
19891,hospital nacional docente madre nino san bartolome,lima,lima cercado,avenida av alfonso ugarte no 825 lima cercado av alfonso ugarte no 825 lima cercado lima lima lima,"Avenida Avenida Alfonso Ugarte No 825 Lima Cercado Avenida Alfonso Ugarte No 825 Lima Cercado Lima Lima Lima, Lima, Perú",-12.0497615,-77.0420353
19949,niuvida,lima,lince,calle francisco masias numero 2832 distrito lince provincia lima departamento lima,"Calle Francisco Masias Numero 2832 Distrito Lince Provincia Lima Departamento Lima, Lince, Lima, Perú",-12.0906445,-77.0261531
20248,oftalmosalud,lima,los olivos,avenida carlos alberto izaguirre 1250 k 11-20 angelica gamarra leon velarde i etapa los olivos lima lima,"Avenida Carlos Alberto Izaguirre 1250 K 11, 20 Angelica Gamarra Leon Velarde I Etapa Los Olivos Lima Lima, Los Olivos, Lima, Perú",-11.9912187,-77.07723349999999
20264,clinica san gabriel s.a.c.,lima,san miguel,avenida av. la marina 2945-2949-2955-2965 maranga- san miguel distrito san miguel provincia lima departamento lima,"Avenida Avenida La Marina 2945, 2949, 2955, 2965 Maranga, San Miguel Distrito San Miguel Provincia Lima Departamento Lima, San Miguel, Lima, Perú",-12.0767482,-77.09537510000001
20364,centro de salud fap las palmas,lima,santiago de surco,avenida av. jorge chavez s/n base aerea las palmas numero s/n distrito santiago de surco provincia lima departamento lima,"Avenida Avenida Jorge Chavez S/N Base Aerea Las Palmas Numero S/N Distrito Santiago De Surco Provincia Lima Departamento Lima, Santiago De Surco, Lima, Perú",-12.1582362,-77.0003067
20387,hogar clinica san juan de dios,lima,san luis,avenida nicolas arriola 3250 av. nicolas arriola 3250 san luis lima lima,"Avenida Nicolas Arriola 3250 Avenida Nicolas Arriola 3250 San Luis Lima Lima, San Luis, Lima, Perú",-12.06559,-76.9895889
20423,clinica santa julia  s.a.c.,lima,la molina,avenida avenida javier prado este n 7118 urb. covima distrito la molina provincia lima departamento lima,"Avenida Avenida Javier Prado Este N 7118 Urb Covima Distrito La Molina Provincia Lima Departamento Lima, La Molina, Lima, Perú",-12.06584,-76.9413538
20450,el progreso,lima,carabayllo,avenida av. tupac amaru no 2950 (km 22) distrito carabayllo provincia lima departamento lima,"Avenida Avenida Tupac Amaru No 2950 Distrito Carabayllo Provincia Lima Departamento Lima, Carabayllo, Lima, Perú",-11.8783013,-77.01817799999999
20510,clinica de ojos visual ophthalmics,lima,pueblo libre,avenida av general jose maria egusquiza numero 835 distrito pueblo libre provincia lima departamento lima,"Avenida Avenida General Jose Maria Egusquiza Numero 835 Distrito Pueblo Libre Provincia Lima Departamento Lima, Pueblo Libre, Lima, Perú",-12.0742639,-77.06232709999999
20633,ejercito peruano,lima,chorrillos,avenida av. escuela militar s/n s/n av. escuela militar s/n chorrillos lima lima,"Avenida Avenida Escuela Militar S/N S/N Avenida Escuela Militar S/N Chorrillos Lima Lima, Chorrillos, Lima, Perú",-12.1609201,-77.0191991
20675,clinic novasalud,lima,ves,"pasaje sector 2, grupo residencial 10 manzana i lote 2 distrito villa el salvador provincia lima departamento lima","Pasaje Sector 2, Grupo Residencial 10 Manzana I Lote 2 Distrito Villa El Salvador Provincia Lima Departamento Lima, Villa El Salvador, Lima, Perú",-12.2160493,-76.9416789
20739,clinica internacional s.a.,lima,miraflores,jiron jiron independencia no 1055 jiron independencia no 1055 miraflores lima lima,"Jiron Jiron Independencia No 1055 Jiron Independencia No 1055 Miraflores Lima Lima, Miraflores, Lima, Perú",-12.109552,-77.0350934
20752,provision 2000 sac,lima,san isidro,av. jose galvez barrenechea no 356  urb. corpac,"Avenida Jose Galvez Barrenechea No 356 Urb Corpac, San Isidro, Lima, Perú",-12.095037,-77.01338799999999
20753,central cooperativa de servicios serviperu ltda.,lima,jesus maria,jr.maximo abril 552,"JironMaximo Abril 552, Jesus Maria, Lima, Perú",-12.0812178,-77.0572629
